{"cameraMode":{"drawMode":0,"name":"Shaded","section":"Shading Mode"},"sceneLighting":false,"audioPlay":false,"sceneViewState":{"m_AlwaysRefresh":false,"showFog":true,"showSkybox":true,"showFlares":true,"showImageEffects":true,"showParticleSystems":true,"showVisualEffectGraphs":true,"m_FxEnabled":false},"in2DMode":false,"pivot":{"x":-4.315032958984375,"y":2.3834524154663088,"z":0.10939396917819977},"rotation":{"x":0.1208721250295639,"y":-0.02531391754746437,"z":0.0029719069134444,"w":0.9923736453056336},"size":2.2656707763671877,"orthographic":false}