{"cameraMode":{"drawMode":0,"name":"Shaded","section":"Shading Mode"},"sceneLighting":false,"audioPlay":false,"sceneViewState":{"m_AlwaysRefresh":false,"showFog":true,"showSkybox":true,"showFlares":true,"showImageEffects":true,"showParticleSystems":true,"showVisualEffectGraphs":true,"m_FxEnabled":false},"in2DMode":false,"pivot":{"x":7.515860080718994,"y":5.135692596435547,"z":-3.332700729370117},"rotation":{"x":-0.0002972301736008376,"y":-0.025487523525953294,"z":-0.00005452276673167944,"w":0.9996974468231201},"size":10.252763748168946,"orthographic":false}